Filter,"Source Files"
Filter,"Source Files"
Filter,"Source Files"
Filter,"Source Files"
Filter,"Source Files"
Filter,"Source Files"
Filter,"Source Files"
Filter,"Source Files"
Filter,"Source Files"
Filter,"Source Files"
Filter,"Source Files"
Filter,"Source Files"
Filter,"Source Files"
Filter,"Source Files"
Filter,"Source Files"
Filter,"Source Files"
Filter,"Source Files\FT_MODULES"
Filter,"Source Files\FT_MODULES"
Filter,"Source Files\FT_MODULES"
Filter,"Source Files\FT_MODULES"
Filter,"Source Files\FT_MODULES"
Filter,"Source Files\FT_MODULES"
Filter,"Source Files\FT_MODULES"
Filter,"Source Files\FT_MODULES"
Filter,"Source Files\FT_MODULES"
Filter,"Source Files\FT_MODULES"
Filter,"Source Files\FT_MODULES"
Filter,"Source Files\FT_MODULES"
Filter,"Source Files\FT_MODULES"
Filter,"Source Files\FT_MODULES"
Filter,"Source Files\FT_MODULES"
Filter,"Source Files\FT_MODULES"
Filter,"Source Files\FT_MODULES"
Filter,"Source Files\FT_MODULES"
Filter,"Source Files\FT_MODULES"
Filter,"Source Files\FT_MODULES"
Filter,"Source Files\FT_MODULES"
Filter,"Source Files\FT_MODULES"
Filter,"Source Files\FT_MODULES"
